year,value
2018,925
2019,1046.221667
2020,1105.648333
2021,1074.995
2022,1357.263333
2023,1098.347273
