year,value
2018,2740.85
2019,2800.183333
2020,2767.736667
2021,2727.715833
2022,2927.884167
2023,3137.692727
